,0
0,Legg Mason
1,Braydon Moreno
2,Stephen Lewis
3,Michael Eisner
4,Larry Dominique
5,Jim Laird
6,Eve Poll
7,Jonathan Rockoff
8,Tim Sloan
9,Jim Potter
10,Virginia Rometty
11,Alan Abelson
12,Steve Bowbrick
13,Nick Crafts
14,Charles Darwin
15,Case
16,Broderick Johnson
17,Popov
18,Josh Kopelman
19,Ron Paul
20,Eva Moskowitz
21,John Hall
22,Greg Foster
23,Adrian Brown
24,Jim Thompson
25,Janet Yellen
26,Stephen Cooper
27,Smoked Bacon
28,Andrew Lohse
29,Wyatt
30,Danny Ludeman
31,Howard Glaser
32,William Dunkelberg
33,David Benson
34,Marc Hedlund
35,Julian Korek
36,Jeff Skilling
37,Hans Petter Havdal
38,Monty Moran
39,Byrd Leavell
40,Peter Munk
41,William Albano
42,Ken Lo
43,Daan Weddepohl
44,Peter Kamprad
45,Barry Lynn
46,Philippe Morel
47,Chad Hurley
48,Jamie Dimon
49,David Tepper
50,Eric Lefkofsky
51,Lara Logan
52,Liz Wagstrom
53,Wayne Gable
54,Jack Lang
55,James Clark
56,John Bilbrey
57,James Cohen
58,Eric Ripert
59,Eric Kandel
60,John Barton
61,Michael Jeffries
62,Joseph Perella
63,Mykolas Rambus
64,David Robinson
65,Lee Ziff
66,Peter Lindert
67,Mark Tunney
68,Jonathan Lu
69,Dick Costolo
70,Jeremy Lawson
71,Andrew Mason
72,Bobby Jindal
73,Allen Adamson
74,Vern Sumnicht
75,Paula Abrahao
76,Brad Anderson
77,Paul Zemsky
78,Mark Carney
79,Mark Lynch
80,Iarfhlaith Kelly
81,Payne Whitney
82,Dan Weil
83,Patti Hart
84,Tony Hayward
85,Rembrandt
86,Johan Stenebo
87,Tim Evans
88,Powerhouse Germany
89,Peter Robertson
90,Jim Lynn
91,Mark Spiegel
92,Andrei Bondarenko
93,Bill Miller
94,Martin Lindstrom
95,Mrs Rometty
96,Greg Walden
97,Derek Mathieson
98,Eric Ries
99,Craig Pfeiffer
100,John Wren
101,Ross Norman
102,Muchmore
103,John Boyd
104,Edward Stack
105,Tim Rosaforte
106,David Simon
107,Kirk Keel
108,Leslie Patton
109,New Jerseyans
110,Reed Hastings
111,Beth Robertson
112,Carsten Spohr
113,Alexei Shershnyov
114,David Keeble
115,John Pitzer
116,Bill Shorten
117,Philip Owen
118,Bryson
119,Daniel Larimer
120,Larry McDonald
121,Toby Henderson
122,Nikolaos Mihaloliakos
123,Mike Pearson
124,Lauren Ballinger
125,Peter Shiff
126,Dave Honeywell
127,Tony Earley
128,Josh Charney
129,Drew Altman
130,Tim Stockwell
131,Jeff Gomez
132,Andrew Witty
133,Mark McCombe
134,Peter Harf
135,Benson
136,Tom McClintock
137,Peter Barrett
138,Jeff Bewkes
139,Jill Woodman
140,Arnold Schwarzenegger
141,Dan Hertzberg
142,Nikolaos Michaloliakos
143,Vittorio Colao
144,Steichen
145,Roger Cohen
146,Ken Walter
147,Jeff Bezos
148,Mordashov
149,Ian Sheperdson
150,Travis Gilbert
151,Jan Paschal
152,Daniel Schwartz
153,Errol Damelin
154,Indra Nooyi
155,George Orwell
156,Vince Foster
157,William Kemmler
158,Jerry Nagel
159,Ken Griffin
160,Jerrold Nadler
161,Douglas Rediker
162,Michael Schmidt
163,Richard Costolo
164,Kebao Yang
165,Jamie Backwith
166,Tim Parker
167,Michael Nathanson
168,Tim Carney
169,Shipper
170,Brian Eno
171,Jho Low
172,Steve Nison
173,Kimberly MacDonald
174,Hiroshi Nakaso
175,Eric S. Rosengren
176,David Hayes
177,Robin Speakman
178,John Swainson
179,Scott Armstrong
180,Michael Porter
181,Stephen Brown
182,Strong
183,Art Levinson
184,Ted Gullicksen
185,Jim Corgel
186,Tulkarm
187,David Ross
188,Richard Desmond
189,John Stetson
190,Jeff Zucker
191,Bill Burnham
192,Chuck Smith
193,Martin Armstrong
194,Wallenberg
195,Tillerson
196,Reed Elsevier
197,Jeff Katzenberg
198,Rebekah Schaefer
199,Sergio Capaldi
200,Jeremy Levine
201,Stephen Ross
202,John Cook
203,Josh Schwartz
204,Gene Johnson
205,David Noble
206,Charles Simms
207,Shannon Lapierre
208,Dan Gilbert
209,Josh Beck
210,Roger Dow
211,Tim Clark
212,Deborah Wright
213,Doug Hepworth
214,Michael McMorrow
215,Steve Deace
216,Howard Schneider
217,Stuart Singer
218,Sullivan
219,Francisco Rodriguez
220,Brian Sozzi
221,Gary Friedman
222,Joseph Stilwell
223,Kimberly Ann Elliot
224,Evan Clark
225,John Elway
226,Leslie Picker
227,Brevan
228,Angela Ahrendts
229,Peter Cressy
230,Jonathan Bush
231,Jaroslaw Dabrowski
232,Chechen
233,John Heins
234,Frank Geelen
235,Sandy Cutler
236,Modelo Grupo
237,Duncan Niederauer
238,Tony Robbins
239,Jim McNerney
240,John Borghetti
241,Magdoff
242,Alan Benson
243,Kara Swisher
244,Warren Patterson
245,Kevin Weil
246,Bill Johnson
247,Jeremy Wagstaff
248,Peter Nygard
249,Richard W.
250,David Welch
251,Cote Romero
252,Victor Khodorkovsky
253,Mohammad Kaware
254,Graham Ellison
255,Zhao Dazhen
256,Tim Armstrong
257,John Alexander
258,Michael Kent
259,Igor Kolomoisky
260,Jon Witter
261,Steve Schmitz
262,Joshua Brown
263,Weehawken
264,Bill Haslam
265,Mark Sokolich
266,Bryce Weiner
267,Xindong Chen
268,Michael Hewson
269,Dennis Kozlowski
270,Neuberger Berman
271,Denis Poryvai
272,Hutson
273,New Canaan
274,David Bruckman
275,Alan Berman
276,Gregg Greenberg
277,Jimmy Cayne
278,Andrew Davis
279,Jeffrey Snyder
280,Rubin
281,Bob Diamond
282,Vermont Yankee
283,David Dolan
284,Brad Katsuyama
285,Michael Bauer
286,Dave Kaup
287,Forecast Slashed
288,Greg Smith
289,Takeshi Minami
290,Takanobu Ito
291,Gordon Brown
292,Michael Arrington
293,Jean-Laurent Bonnafe
294,Thomas Cook
295,Alexandra Damsker
296,David Barger
297,Leo Grohowski
298,Elaine Wynn
299,Michael Garcia
300,Richard Handler
301,Richard Weil
302,Martin Ravallion
303,Jeromee Johnson
304,Omri Lachman
305,Omar Ishrak
306,Murphy
307,Mary Gilbert
308,Eric Posner
309,Jamie Dimon(Reuters
310,Renewal Front
311,Paula Dalley
312,Carlos Cardozo
313,Larry Page
314,Satay Nadella
315,Splurge Read
316,Dennis Wright
317,New Amsterdam
318,Andrew Weil
319,Drew Benson
320,Ron Gross
321,Michael Lynton
322,Ian Snow
323,Robert Priester
324,Terry Cohen
325,Jenn Hyman
326,Michael Wright
327,Juergen Fitschen
328,Dennis Thompson
329,Julian Clarke
330,David Sadigh
331,Parker
332,Josh Wright
333,Mike Duke
334,Sander Levin
335,Leonardo Maugeri
336,David Blass
337,Jane Wardell
338,Marc Caira
339,Mark Whitehouse
340,J.J. Kinahan
341,Bob Graham
342,John Hess
343,Richard Read
344,Johan Palmstruch
345,John Bennett
346,Kahyun Yang
347,Michael Chasen
348,Jose Honorio
349,Maurice Greenberg
350,Joe Davis
351,Anthony Weiner
352,Dave Sekera
353,Jack Kleinbenz
354,William Pitney
355,Hakan Samuelsson
356,Derek Stevens
357,Jeffrey Currie
358,Maurice Emsellem
359,Angelo Mozillo
360,Michael Davis
361,Milken
362,David Kautter
363,Howard Schultz
364,Mark Zandi
365,Larry Bird
366,John Legere(Reuters
367,Gregorio Sablan
368,Momento
369,Starker
370,Mark Lake
371,Martin Fink
372,Jordan Gutman
373,Bob Bronson
374,Murray Jennex
375,Folsom Lake
376,Sheldon Natenberg
377,Dan Crawford
378,Mary Erdoes
379,Glenn Cook
380,David Goel
381,Saul Miller
382,Harry Brooks
383,Brian Graff
384,Brad Klontz
385,Hedayatullah Yahya
386,Tan
387,Ronni Bennett
388,Toby Davis
389,Hubert Burda
390,Stephen Shin
391,Bob Prince
392,Jeremy Cook
393,Jamie Parisi
394,Mufson
395,West Lake
396,Aubrey McClendon
397,Johan Sennero
398,Mark Tibergien
399,Kris Henriksen
400,Cromwell Coulson
401,Larry Downing
402,Robin Brooks
403,Ernst
404,Emmett Shear
405,Brian McAndrews
406,David Crane
407,Ricci
408,Jeffrey Skilling
409,Michael Ash
410,Edward Lorenz
411,Adrian Miller
412,Sabur Moini
413,Mohamed Damak
414,Makoto Watanabe
415,JÃ¼rgen Fitschen
416,Anders Gustafsson
417,Jim McDonald
418,John Byrant
419,Howard Bain
420,Martin Nesirky
421,Tim Davis
422,Dave Goldberg
423,Jimmy Cohen
424,Alon Levy
425,Jenaro Garcia
426,Peter Wetherell
427,Robert Cohen
428,Corker
429,Michael Chen
430,Glenn Murphy
431,Bill Himpler
432,Ian Taylor
433,Schultz
434,Alexei Chaliy
435,Jeremy Stoppelmann
436,John Martin
437,Ron Losby
438,Martha Kramer
439,Brian Moynihan
440,Josh Lederman
441,Alexander Medvedev
442,Wrede
443,Steve Goldstein
444,David Certner
445,Stuart Gulliver
446,Christine Benz
447,Hemingway
448,Nine Towns
449,Dan Snyder
450,Lee Munson
451,Eddie Mair
452,Chuck Roberts
453,Lowell McAdam
454,Wren
455,Dave Lewis
456,John McIlwain
457,John Carney
458,Joe Echevarria
459,Mike Kramer
460,Thomas Joyce
461,Peter Spiegel
462,Harold Hamm
463,Michael Dell
464,Dave McCabe
465,Elizabeth Maresca
466,Josh Peters
467,Pam Krepchin
468,Robert Griffin
469,Bazelon
470,Paul Bernstein
471,Jared Bernstein
472,Jonathan Krinsky
473,Aaron Sheldrick
474,Stephen Kaplan
475,Alan Silbert
476,Barry Paperno
477,Dave Nadig
478,Loraine West
479,Dave Sullivan
480,Duncan Smith
481,Dan Clifton
482,Joseph Tsai
483,Page
484,Rick Johnson
485,Piet Moerland
486,John Standley
487,Neil Blumenthal
488,Steve Cohen
489,Waterson
490,Radha Agrawal
491,Gennadiy Goldberg
492,Brian Cohen
493,David Lenhardt
494,Stephen Down
495,Van Steenis
496,Stephen Blyth
497,Mike Jefferies
498,David Weil
499,Chris Viehbacher
500,James Mitarotonda
501,Daniel Loeb
502,Philip Nash
503,Eddie Bauer
504,Josh Abramson
505,Charles Hulten
506,Alex Algard
507,Henry Paulson
508,Apu Gupta
509,Paul Palmieri
510,Barry Kaye
511,John Mackey
512,Kevin Reddy
513,Sandy Weill
514,Andrew Goldberg
515,David Canter
516,Averell Mortimer
517,Daniel Cohen
518,Adrian Edmondson
519,Tony Posawatz
520,Mark Sweetman
521,Fred Reid
522,Ian Schrager
523,Josh Capon
524,Jeffrey Katzenberg
525,Tony Blinken
526,Joly
527,Angelo Mozilo
528,Marc Ecko
529,Bob Dudley
530,Norman Dreger
531,Bill Daley
532,Mikhail Krylov
533,Jeffrey Goldstein
534,Andrei Belousov
535,Bill Dudley
536,Bob Bradway
537,Joshua Gottlieb
538,Art Cohen
539,Brian Jacobs
540,Alan Gross
541,Eddy Elfenbein
542,Gene Friedman
543,Michael Snyder
544,Yasuchika Hasegawa
545,Ray Day
546,Bob DeRodes
547,Nick Kyrgios
548,Sheng Fu
549,Michael Stillman
550,Mike Nudelman
551,Brian Roberts
552,Hans Zimmer
553,George Palikaras
554,Kevin Birzer
555,Pony Ma
556,Sarnia
557,Jon Pack
558,Guy Faure
559,Steve Ketchum
560,Justin Levin
561,Doug Carswell
562,Sascha Owen
563,Neil Armstrong
564,William Delgado
565,Jim Waterson
566,Yan Changzai
567,Ben Thompson
568,Torsten Mueller
569,Neil Smit
570,Reinhard Ploss
571,David Karp
572,Kevin Plank
573,Paul Raines
574,Hiroshi Tanaka
575,Mary Mack
576,Philippe Dauman
577,Muhammad Abu
578,Jack Nicklaus
579,Dan Porter
580,Charles Li
581,Mario Gabelli
582,George Mason
583,Brian Ruttenbur
584,Thomas Hughes
585,Frank Holmes
586,Jeff Sommer
587,Noel Biderman
588,Bob Tisch
589,Meredith Willson
590,Mark Lapidus
591,Garland
592,Procera Networks
593,Mark Parker
594,Michael Sabat
595,Joe Kennedy
596,Philippe Espinasse
597,Norilsk Nickel
598,Mike Needham
599,Stephen Schwarzman
600,Carlos Menem
601,John James
602,Chartered Accountancy
603,Jeff Ball
604,Ken Lewis
605,Carlos Partcha
606,David Sekera
607,William Danoff
608,Nigel Travis
609,Stephen Hall
610,Michael Vick
611,Bay Bridge
612,Paul Bresson
613,Dennis Junius
614,Jessica Lynn Wright
615,Fred Ehrsam
616,Brian Krzanich
617,Larry Moczygemba
618,Katherine Snyder
619,Antony Jenkins
620,Huarong
621,John Paulson
622,Matt Maloney
623,Paul Deneve
624,Charlie Brown
625,Keith Singer
626,Steve Nash
627,Bill Winterberg
628,Biderman
629,Carlos Rodriguez
630,Barry Bateman
631,Steve Ross
632,Charles Kaye
633,Steve Davis
634,Richard Blumenthal
635,Mike Vick
636,Leslie Moonves
637,Bryan Mistele
638,Rob Ferguson
639,Jason Kessler
640,Doug Hock
641,William Keegan
642,Peter Kent
643,Leigh Drogen
644,Bill Bernstein
645,Jeh Johnson
646,Breton
647,Scott Farquhar
648,Chetan Dube
649,David Lazer
650,Scott Schropp
651,Toby Dayton
652,Mark Hall
653,Peter Bofinger
654,Scott Evans
655,Los Alamos
656,Tim Weiner
657,Ken Schultz
658,Rich Ross
659,David Einhorn
660,John Zimmer
661,Jenn Goldson
662,Murdoch
663,Howard Buffett
664,Greg Foran
665,Bobby Murphy
666,Corbat
667,John Gardi
668,Leigh DrogenNYC
669,Schoff
670,John Dearie
671,Wamhoff
672,Martine Aubry
673,Charles Ergen
674,Lauren Cohen
675,Steve Schwarzman
676,Khalid Bomba
677,Allaince Bernstein
678,Antonio Mazzitelli
679,Steve Mollenkopf
680,Akio Watanabe
681,Civilian Population
682,Allan Mayer
683,Jonathan Strong
684,Mark Thompson
685,Anders Elgemyr
686,Jim Porter
687,Jon Bennett
688,Edward Snyder
689,Scott Schuberg
690,Nick Mason
691,John Bryson
692,Richard LeFrak
693,Rick Needham
694,Gabelli
695,David Marcus
696,Philip Balboni
697,Luiz Reis
698,Polysilicon
699,John Lepore
700,David Boren
701,David Hopkinson
702,Neil Brown
703,Jordan Robertson
704,Paul Otellini
705,John Delaney
706,Nathan Hubbard
707,Ello
708,Joachim Schmidt
709,Dan Doctoroff
710,Andreyev
711,Hank Paulson
712,Nearby Cyprus
713,William Easton
714,Adam Dell
715,Jeremy Travis
716,Sam Hurd
717,John Melloy
718,Tom Horton
719,Lorenzo Grabau
720,Genaro Garcia
721,William Domhoff
722,Sergio Romero
723,David Clark
724,Jim Brown
725,Vadim Padalko
726,Martin Craighead
727,Victor Luis
728,Jeffrey Corzine
729,Howard Lutnick
730,Wong
731,Raiffeisen Bank
732,Angela Chen
733,Brian Dunn
734,Mayer
735,Vitor Bento
736,Devo
737,Mark Bavin
738,Don Thompson
739,Alliance Bernstein
740,Tim Sold
741,Carson
742,Norton Utilities
743,Liz Sly
744,Zuckerman
745,Ben Nelson
746,Jeffrey Ettinger
747,Tim Cook
748,Jeff Seeney
749,Michael Piwowar
750,Scott Sandell
751,Tim Cahill
752,David Thodey
753,Mark Mulligan
754,John Robertson
755,Jeremy Stoppelman
756,Jessica Cohen
757,Ken Adams
758,Mike
759,Hubert Joly
760,Joe Kaeser
761,Reimar Pinkernell
762,Niraj Shah
763,Don Graunstadt
764,Josh Vlasto
765,Martin Blessing
766,David Smith
767,David Calhoun
768,Steve Ells
769,Rosalind Brewer
770,Jörn Kleinhans
771,Joe Tucci
772,John Lanchester
773,Joshua Birnbaum
774,Michael Keith
775,Dan Shipper
776,Philip Guziec
777,Mark Armstrong
778,Brent Stiefel
779,Jessica Rodriguez
780,Charlie Smith
781,Joseph Jimenez
782,Julian Geiger
783,David Levy
784,Russ Roberts
785,Charisse Arboleda
786,Mark Cohen
787,Larry Hagman
788,Steve Worthington
789,David Maus
790,Owen Kerr
791,Burda
792,Scott Simon
793,Michael Yang
794,Richard Downey
795,Frank McKenna
796,Mark Papa
797,Martin Fridson
798,John Robinson
799,Eddie Evans
800,Jack Koraleski
801,Ted Mirvis
802,Lazard Ltd.
803,Donald Harrison
804,Mac Robertson
805,Willson
806,Alison Thompson
807,Christian Laub
808,Craig Leavitt
809,David Johnson
810,Julian Robertson
811,Pratik Shah
812,Ken Lerer
813,Stephen Sadove
814,John Liew
815,Patrick Pouyanne
816,Liz Ann Sonders
817,Keith Wright
818,Michael Diekmann
819,Jonathan Tepper
820,Eric Major
821,Jason Goldberg
822,Steve Fossett
823,Mike Sneesby
824,Dan Frommer
825,Charles Hoskinson
826,Brian Stoffel
827,Jon Erlichman
828,Niall Wass
829,Bob Patrick
830,Jim Roberts
831,Chris Nasetta
832,John Corr
833,Anshu Jain
834,William Hernandez
835,Leo Fibonacci
836,Martin Schmidt
837,Jan Smith
838,Jon Corrine
839,James Parrott
840,David Bouckhout
841,Eike Batista
842,Steve Brazier
843,Mulvaney
844,Dave Grant
845,Zuckerberg
846,Michael Rawson
847,Ron Bernstein
848,Mark Rachesky
849,David Evans
850,Daniel S. Loeb
851,John Chen
852,Martha Josephson
853,Elizabeth Holmes
854,William Schultz
855,William Thompson
856,Kazuhiro Tsuga
857,Marc Bolland
858,Ophir Gottlieb
859,Tradesports
860,Mark Drajem
861,Jeffrey Snider
862,Thomas Thompson
863,David Armstrong
864,Michael Graham
865,Bob Iger
866,Bill Maher
867,Laura Legere
868,Priscilla Vazquez
869,Pamela Liebman
870,Aamer Sarfraz
871,David Fink
872,Mark Patterson
873,Tim Smith
874,Darren Huston
875,Jeremy Page
876,Andrew Brown
877,Joe Mansueto
878,Richard Plepler
879,Mark Zauderer
880,Benioff
881,Alan Glickstein
882,Steve Siebold
883,Britton
884,George Harrison
885,Russ Girling
886,Eric Rosengren
887,Jeff Immelt
888,Ani Mason
889,Dan Serrao
890,Michael Steinhardt
891,Cyprus Cyprus
892,Igor Shuvalov
893,David Rohde
894,Frances Lun
895,Bill Evans
896,Mark Teixeira
897,John Smith
898,James Halstead
899,Jonathan Levin
900,John Kolesidis
901,Marion
902,Tim Horton
903,Mary Callahan Erdoes
904,Maglite
905,Brent Cook
906,Skiddy von Stade
907,Ken Lin
908,Tim Zagat
909,Cooper Smith
910,Igor Bilous
911,Bill Thompson
912,Dan Moisand
913,Sandy Chen
914,Paul Hayes
915,Kyle Vucko
916,Fred Read
917,George Downing
918,Marcus Lemonis
919,Plexi
920,Michael Widmer
921,Mark Giannantonio
922,Nicola Zagaria
923,Alex Rodriguez
924,Jeff Weiner
925,Brian Singer
926,Divya Narendra
927,Has Died
928,Toby Keith
929,Tim Wright
930,Ted Leonsis
931,Kevin Lee
932,Revised Way
933,Michael Kramer
934,George Mitchell
935,Ken Dulaney
936,Kara Stein
937,Khaled El
938,Mark Iwry
939,Julian Bartlett
940,Makoto Yagi
941,Sayuri Shirai
942,Deborah Weinswig
943,Bernard Baumohl
944,Spirits Exporters
945,Jack Kaufman
946,Mikhail Yampolsky
947,Kapur
948,Peter Bernstein
949,Mark Vorsatz
950,Kimiko Hirata
951,Josh Benson
952,Gerald Gross
953,Jeff Henley
954,Carlos Costa
955,John Goodman
956,Carlos Ghosn
957,Anton Levy
958,Revised Broker
959,Douglas Hodge
960,Mark Murray
961,Peter Jacobs
962,Doug Yearly
963,Neil Simon
964,Jeremy Stein
965,Johan Castberg
966,Paul Rinaldi
967,Joel Horowitz
968,Wayne Fourman
969,Michael Patterson
970,Scott Gamm
971,Amy Elliott
972,Husam
973,Fishman
974,Roberto Troyan
975,Joe Johnson
976,JK Shin
977,Bronner
978,Roger Ferguson
979,Allen Questrom
980,Style Girlfriend
981,Wilbur Ross
982,Debra Berman
983,David Stockton
984,Bill Hester
985,David Zier
986,Typhoon Fitow
987,Paula Schneider
988,Robert Thompson
989,Harold Block
990,Leafly
991,Gerald Hassel
992,Josh Noble
993,Aleksey Miller
994,Peter Cramton
995,Charles Rotblutt
996,Ray Dalio
997,Andrew Yorks
998,Shannon Stemm
999,Gerry Connolly
1000,Michael McPherson
1001,Jan Hatzius
1002,Scott Redler
1003,Joe Fernandez
1004,Scot Schmidt
1005,Brian MacDonald
1006,Sam Zell
1007,Emilio Lozoya
1008,Edelman
1009,Michael Brooks
1010,Daniel Twining
1011,Mike Jeffries
1012,Dubilet
1013,Thomas Bass
1014,Eric Nakagawa
1015,Ron Swanson
1016,John Helmer
1017,Marianne Lake
1018,Quark Coin
1019,Elaine Greenberg
1020,Toby Bateman
1021,Schwartz
1022,David Novak
1023,Patrick Byrne
1024,Bresson
1025,J.P.âJohn Paulson
1026,Andy Marsh
1027,Jurgen Fitschen
1028,Warwickshire
1029,Francesca Landini
1030,Wyatt Earp
1031,William Zheng
1032,Ron Burkle
1033,Bill French
1034,Jiang Peiru
1035,Charles Forman
1036,Lola Cohen
1037,Nick Witney
1038,John Coker
1039,Sam Houston
1040,Fritz Henderson
1041,Jim Meehan
1042,Anthony Scaramucci
1043,Tony Baltimore
1044,Thomas Johnson
1045,Dennis Crowley
1046,Steven Jacobs
1047,Mark Grant
1048,Wipro Limited
1049,Charles Grom
1050,Frouzis Konstantinos
1051,John Roos
1052,Scott Sumner
1053,Karen Barr
1054,Hiroshi Watanabe
1055,Robert Greifeld
1056,Enrico Cavatorta
1057,Paul Parker
1058,Mark McKechnie
1059,Thomas Mayer
1060,Alan Graf
1061,Marcus Stromberg
1062,John Burger
1063,Richard Schicikel
1064,Bill Chaaban
1065,John McDonald
1066,Jared Woodard
1067,Bob McDonald
1068,Och
1069,Michael Chertoff
1070,Michael Kaplan
1071,Chuck Hegel
1072,Jules Melancon
1073,Michael O'Leary
1074,Marc Probst
1075,Tile Shop
1076,William Simon
1077,Larry Jeddeloh
1078,Michael Wong
1079,Dave Bieneman
1080,Ron Vinder
1081,William Welch
1082,Richard Dugas
1083,Bob MacDonald
1084,Spyros Trachanis
1085,David Spegel
1086,Yanai
1087,Cam Marston
1088,Kirk Kristiansen
1089,Theron Amos
1090,Christian Dzieia
1091,Philip Palaveev
1092,Alan Richman
1093,Mikhelson
1094,Dirk Ziff
1095,Kyle Baker
1096,Dan Mahoney
1097,Tibergien
1098,John Idol
1099,Joshua Davis
1100,Darla Mercado
1101,Jeff Currie
1102,Gary Guthart
1103,Barry Silbert
1104,Eric Shimp
1105,John Roque
1106,Dick Fuld
1107,Igor Yegorov
1108,Michael Heyward
1109,David Kroin
1110,Peter Drucker
1111,Mark Zuckerberg
1112,Michael Salm
1113,Stryker
1114,James Dimon
1115,James Rothenberg
1116,Travis Kalanick Whether
1117,Eric Falkenstein
1118,Simon
1119,Hammergren
1120,Greg Brown
1121,Joerg Kraemer
1122,Louis D'Ambrosio
1123,Marc Benioff
1124,Mohamed El Harari
1125,Ensign Gross
1126,Jeremy Levin
1127,Ken Block
1128,Doug McMillon
1129,Birnbrey
1130,Soraya Heydari
1131,Matt Kibbe
1132,William Schneider
1133,Evan Smith
1134,Jeffrey Shinder
1135,Ronald Williams
1136,Jim Cowles
1137,Steve Sanghi
1138,Mikhail Khodorkovsky
1139,George Faison
1140,Jane Mendillo
1141,Harold Brown
1142,Barry Petchesky
1143,George Miller
1144,Scott Ferguson
1145,Democrat Sherrod Brown
1146,Johannes Hellstrom
1147,Lance Armstrong
1148,Northern Cyprus
1149,Jeanne Branthover
1150,Fanny Bobbins
1151,John Chiang
1152,Vic Neufeld
1153,Peter Schiff
1154,David Gyngell
1155,Howard Archer
1156,Alan Lavine
1157,Greg Harmon
1158,Bill Allen
1159,Paul Singer
1160,Bernard Lesterlin
1161,Tim Mrock
1162,Eric Feferberg
1163,Lei Jun
1164,Jerry Brown
1165,Tennis Channel
1166,David Salama
1167,Robin Hayes
1168,Stephen Moore
1169,Nick Leeson
1170,Dave Weigel
1171,Gerard Wynn
1172,Laurent Potdevin
1173,Chuck Princes
1174,Jigar Shah
1175,David Blaylock
1176,Marianne Vos
1177,Rusney Castillo
1178,Mori
1179,Mike Tholen
1180,Lisa Ferguson
1181,David Berney
1182,Autumn Radtke
1183,Steve Brown
1184,David Gurle
1185,Richard Abramson
1186,Jeff Brown
1187,Michael French
1188,Bachman
1189,Kazuo Hirai
1190,Wasserman
1191,Bill Nygren
1192,Milos Forman
1193,Shehzad Haider
1194,Kevin Brown
1195,Ron Surz
1196,Zacman
1197,Sam Laidlaw
1198,George Papandreou
1199,Mike Rothenberg
1200,Josh N.
1201,Triple Elvis
1202,Jason GoldbergFab.com
1203,Jonathan Wright
1204,William Ruprecht
1205,Shroder
1206,Justin Bergman
1207,Wynn
1208,Tom Ernst
1209,Jerry Chen
1210,Daniel Birnbaum
1211,Jim Paulsen
1212,Neil Austrian
1213,James Ferguson
1214,Paul Ross
1215,Peter Graff
1216,Greg Gopman
1217,John Donahoe
1218,Mike Smith
1219,Richard Ketchum
1220,Dushan Zaric
1221,Dan Mathisson
1222,Ken Johnson
1223,Jamie Sokalsky
1224,David Benioff
1225,Andy Russell
1226,David Heiman
1227,Meredith Whitney Advisory Group
1228,Jon Corzine
1229,Miklos
1230,Jonathan van Smit
1231,Bill Ruprecht
1232,Todd Pedersen
1233,Daniel Marcus
1234,Ferrero prefers&nbsp;to
1235,Prescott Bush
1236,Gvid Gyngell
1237,Côte
1238,Jerry Brito
1239,Tad Smith
1240,John Walsh
1241,Marissa Mayer
1242,Matt Hornbuckle
1243,Richard Meier
1244,Michael Ebert
1245,Josh Hix
1246,Marc Beer
1247,Judge Ramos
1248,Richard Bresson
1249,Sascha Lewis
1250,Alan Mulally
1251,Michael Jenkins
1252,Jesse Singer
1253,Avi Reichental
1254,Paul Goodson
1255,Anne Moore
1256,Ray Benton
1257,Hastings
1258,Jeff Varisco
1259,Brad Katusyama
1260,Philippe Chevalier
1261,James Chanos
1262,Dustin Mulvaney
1263,Charles Xue
1264,Miriam Adelson
1265,David McCandless
1266,Douglas Yearley
1267,Sam Waterson
1268,David Ellison
1269,Howard Gross
1270,Daniel Ceballo
1271,Broughton
1272,Andrew Walsh
1273,Andrew Batson
1274,Sam Hananel
1275,Alan Johnson
1276,Leigh Wynn
1277,Dan Poll
1278,Karsten Nohl
1279,Bob Dieli
1280,Randall Bartlett
1281,Chaly Mah
1282,Scrypt
1283,New Approach
1284,Randy Garutti
1285,Steve Berman
1286,John Lewis
1287,David Robertson
1288,Huntsman Gay
1289,Mary Ann Bartels
1290,Meredith Miller
1291,Leland Miller
1292,George McGovern
1293,Maxime Picat
1294,Robert Gannicott
1295,Steve LeVine
1296,Daniel Gross
1297,Jordan Kelley
1298,Craig Menear
1299,Mrock
1300,SunGard
1301,Dave Gates
1302,Mauricio Romero
1303,George Carris
1304,Steve Bell
1305,Stephen Holmes
1306,David Dodd
1307,Dick Grasso
1308,John Keker
1309,Daniel Thompson
1310,Jack Lingo
1311,Lloyd Blankfein
1312,Umberto Vergine
1313,Larry Gagosian
1314,Marcela Iacub
1315,Eric Schmidt
1316,Harold McGraw
1317,Tony Fernandes
1318,Adam Nash
1319,Josh Charlson
1320,Josh Tetrick
1321,Raul Alfonsin
1322,Frederic Oudea
1323,David McAlvaney
1324,Joseph Goebbels
1325,Ken Gross
1326,Wheelock Whitney
1327,Mark Borkowski
1328,Aktarer Zaman
1329,Rachel Zenzinger
1330,William Janeway
1331,Michael Sweeney
1332,Susan Wojcicki
1333,Stephen Massocca
1334,Scott Quillinan
1335,Kevin Simms
1336,John Currie
1337,Akio Toyoda
1338,Johanna Castillo
1339,Scott Hodge
1340,Mark Hurd
1341,Bill Simon
1342,Charles Vollum
1343,Adam Goldstein
1344,Director Sylvia Burwell
1345,Janet Yang
1346,Tom LaSorda
1347,Nick Robinson
1348,Alan Joyce
1349,Robert Levy
1350,Jack Bovender
1351,Michael Ball
1352,Kevin Maher
1353,Martin Sorrell
1354,Thames
1355,Sander van
1356,Sheldon Adelson
1357,Jeff Mason
1358,Jordan Barowitz
1359,Swanson
1360,Quazi Nafis
1361,Don ThompsonAt
1362,Stephen Roach
1363,Ted Beck
1364,Michael Elliott
1365,Jeremey Allaire
1366,David Holmes
1367,Attica Prison
1368,Dick Whittington
1369,Mickey Levy
1370,Robert Hanson
1371,John Ernst
1372,Chuck Shumer
1373,Satyadeep Jain
1374,Dick Grayson
1375,Sheila Krumholz
1376,Thierry Desmarest
1377,Alexandra Harney
1378,Brian Snyder
1379,Ken Rogoff
1380,Jane Nakagawa
1381,Michael Kinsley
1382,Tim Tebow
1383,Bill Ackman
1384,Dan Haynes
1385,Robert Niblock
1386,Steve Starker
1387,Joe Magnacca
1388,Bill Stiritz
1389,Eddie KeoghSwans
1390,Sergio Berensztein
1391,Frank Lavin
1392,Pearlman
1393,Roddy Boyd
1394,Alexei Mordashov
1395,Mile Ullman
1396,Jon Stryker
1397,Shane Robison
1398,Jon Stein
1399,Donald Tomnitz
1400,Perry Mason
1401,Allen Shayanfekr
1402,Roberts
1403,Mark Harrison
1404,New Highs
1405,Jeffrey Immelt
1406,Michael Bloomberg
1407,Aaron Levie
1408,Eric Evans
1409,Craig Donaldson
1410,Chuck Mathewson
1411,Eric Greenberg
1412,Pfizer Rejected
1413,Charles Robertson
1414,Philip Clarke
1415,Brendan McMahon
1416,Immelt
1417,Steve Kandarian
1418,Brian Blaszcak
1419,Rick Snyder
1420,Robert Schmidt
1421,Moulton
1422,Peter Levine
1423,John Stumpf
1424,Marc Elovitz
1425,Patterson
1426,New Taiwan
1427,Hunter Harrison
1428,John Lobb
1429,Glenn Cohen
1430,Woodard
1431,Janet Hanson
1432,Woodman
1433,Frank Cohen
1434,Kevin Watters
1435,Dan Brown
1436,Rupert Stadler
1437,John Roberts
1438,Jacky Johnson
1439,Eric Graham
1440,Ian Rogers
1441,Describing Yellen
1442,Don Yeomans
1443,John Tunney
1444,Doug Bell
1445,Ben Graham
1446,James Doty
1447,David Chambers
1448,Charles Neivert
1449,Kenneth Lewis
1450,John Fredriksen
1451,Bezos
1452,Mount Kilimanjaro
1453,Brian Cornell
1454,Clarence Otis
1455,Azeem Azhar
1456,Tom Gutierrez
1457,Andrew Dodd
1458,Glenn Greenberg
1459,Brendon Burchard
1460,Nigel Stephenson
1461,Dick Weil
1462,Maurice Levy
1463,Dave Logan
1464,Muhtar Kent
1465,John Silvia
1466,Steve Gorman
1467,Jeffrey Smith
1468,Mike Hopkins
1469,Norman Chan
1470,Mitsue Sasaki
1471,Mark Spitznagel
1472,Brian Walsh
1473,Richard Galanti
1474,Michael West
1475,Pascal Soriot
1476,Douglas Wolford
1477,Paul Coppinger
1478,John Stankey
1479,Weiner
1480,Fred Buenrostro
1481,Daniel Baker
1482,David Brooks
1483,Nicola Peltz
1484,Josh Zerlan
1485,Stephen A. Schwarzman
1486,Bob Parker
1487,Chhabra
1488,Nick Woodman
1489,Stephen Elop
1490,Bob Aiken
1491,Jimi Hendrix
1492,Lyndon Rive
1493,William Conway
1494,Mario Longhi
1495,Steve Kessler
1496,Robert Gottlieb
1497,David Bell
1498,Donald Thomson
1499,Michael Logan
1500,Steve Blumenthal
1501,Frank Umbach
1502,Barrington Parker
1503,Weisman
1504,Anand Chokkavelu
1505,Ken Courtis
1506,Tim Gamble
1507,Alexandra Lebenthal
1508,Yeske Buie
1509,Jim Maragos
1510,David Page
1511,Doug Johnson
1512,Mayer Brown
1513,David Hunter
1514,Jeff Frankel
1515,Donahoe
1516,Warren Distinguished
1517,Peter Stein
1518,Value Read
1519,Jenny Zaharia
1520,Dustin Moskovitz
1521,White
1522,Jonathan Hinze
1523,Lucas JacksonDo
1524,Ron Carson
1525,Jan Brewer
1526,Henry Blodget
1527,Paul Graham
1528,Aengus McMahon
1529,Mike Swell
1530,Chang
1531,Jane Hudson Ridley
1532,Jan Jahosky
1533,Charles Driza
1534,Sam Cookney
1535,Michael Carrazza
1536,Jack McCabe
1537,Guo Zhenxi
1538,Ron Zeibig
1539,Yishan Wong
1540,Jonathan Ernst
1541,Kevin Scott
1542,Scott Kapnick
1543,Daniel Dienst
1544,Paul Logan
1545,Ken Thompson
1546,Richard Fuld
1547,William Popejoy
1548,John Davis
1549,Brian Johnson
1550,Kenneth Starr
1551,Ginny Rometty
1552,Mark McCollum
1553,Tony Nash
1554,Tilman Fertitta
1555,Richard Portes
1556,Jacqueline Goldberg
1557,Stefano Dolcetta
1558,Mark Fields
1559,Julian Hartnoll
1560,Joe Ratterman
1561,Jonathan Oringer
1562,Steve Johnson
1563,John Challenger
1564,George Roberts
1565,Marc Koven
1566,Joseph Magnacca
1567,Mindy Diamond
1568,Andy Grove
1569,Josephine Mason
1570,Wan Dong
1571,Steve Jobs
1572,Klaus Kleinfeld
1573,Gregg Steinhafel
1574,Andrew Kuchins
1575,Schwarzenegger
1576,Charlie Evans
1577,Alfred Cowles
1578,Richard Posner
1579,Kyle
1580,John Rishton
1581,Pierre Denis
1582,Peter Reidhead
1583,Henry Kravis
1584,Mark Wynne
1585,Dave DeWalt
1586,Takeshi Niinami
1587,Steve Roberts
1588,Doug Whitman
1589,Jonathan Luttwak
1590,Andrew Yang
1591,Martine Rothblatt
1592,David Rho
1593,Mohamed El-Erian
1594,Steve Ballmer
1595,Frank Wania
1596,Tim Adams
1597,Moran
1598,Charles Gifford
1599,Ralph Lauren
1600,Van Smit
1601,Peter Jun
1602,Cuddy
1603,Nicholas Woodman
1604,Bill Lovette
1605,Lee Hefty
1606,Hiroshi Kameyama
1607,Jody Thompson
1608,Stephenson
1609,Hunter Thompson
1610,Bob Brackett
1611,Charlie Robertson
1612,Medicare Levy
1613,John Schaberg
1614,Robert Benmosche
1615,Time Cook
1616,Kitchen
1617,Bob Borkowski
1618,John Sculley
1619,Lex Fenwick
1620,Josh Reich
1621,Justin Samson
1622,George Chen
1623,Tim Moore
1624,Joseph Carson
1625,Eric Rosengeren
1626,William Brouder
1627,Fred Smith
1628,Evan Williams
1629,Alan Cullison
1630,Justin Smith
1631,Harold Brooks
1632,Shelby Harmon
1633,Frank Gretz
1634,Sergio Ermotti
1635,Jack Liew
1636,Jim Snyder
1637,Jeremy Christianson
1638,Automotive Foresight
1639,Don Griffin
1640,Eric Miller
1641,Edward Breen
1642,John Clarke
1643,Brendan Moynihan
1644,Monty Bennett
1645,Nassef Sawiris
1646,Frank Blake
1647,Jeffrey Gundlach
1648,Rama Krishna
1649,Warren Lichtenstein
1650,Makoto Kikuchi
1651,Michael Robinson
1652,Steve Cheney
1653,Justin Knight
1654,Doug Rauch
1655,Hank Greenberg
1656,Robert Thomson
1657,Sally Smith
1658,James Gorman
1659,Naomi Simson
1660,Prikhodko
1661,Tim Johnson
1662,Tony Weisman
1663,Ashraf Laidi
1664,Mark Gorton
1665,William Hague
1666,Adie Kriegstein
1667,Kevin Roberts
1668,Vikram Pandit
1669,Keith Pogson
1670,Michael Abelson
1671,Chanda Kochhar
1672,Eric Hunsader
1673,John Mason Brown
1674,Adam Zoia
1675,Bob Tinker
1676,Pierre Beaudoin
1677,Andrew Madoff
1678,Daft Punk
1679,John Mayer
1680,Brown Forman
1681,Stephen Smith
1682,Lai
1683,Steve Einhorn
1684,Frank Aquila
1685,Ginni Rometty
1686,Todd Builione
1687,Lehner
1688,Chuck Grom
1689,Ken Hasegawa
1690,John Davie
1691,Michael Evans
1692,Eric Penzer
1693,John Comerford
1694,Bill Graham
1695,Mike Perlis
1696,Frank Han
1697,Jonathan Lemire
1698,David Thomson
1699,Riaan Manser
1700,Robert Flexon
1701,Lisa Su
1702,Jon Kinderlerer
1703,Jon Patrick
1704,Michael Glenn
1705,Bruce Rose
1706,New Baltimore
1707,Steve Caldeira
1708,Joerg Assmussen
1709,James Thompson
1710,Steve Hipple
1711,Ross Mitchell
1712,James Holbrook
1713,Flaps Podcast
1714,Jonathan Neman
1715,J.K. Shin
1716,Bill Sullivan
1717,Michael Jacobs
1718,Eric Mack
1719,Paul Galant
1720,Peter Sands
1721,Ryo Koyama
1722,Sherlock Holmes
1723,Rank Name
1724,Martin Doudoroff
1725,Bjerke
1726,Ivan Glasenberg
1727,Rick Meckler
1728,Peter Englund
1729,Mary Maersk
1730,Sueddeutsche Zeitung
1731,George Ferguson
1732,Chapman
1733,Eddie Chow
1734,John Schultz
1735,Vicent Viola
1736,Rick Wagoner
1737,Bob Evans
1738,Mixed
1739,Jeff Gundlach
1740,George Parker
1741,Brian Murphy
1742,Mark Swartzberg
1743,Richard Anderson
1744,Marcus Hagedorn
1745,Thomas Prendergast
1746,Jack Nash
1747,Alfredo Castillo
1748,Ken Okuyama
1749,George Bell
1750,Micah Berman
1751,Michael Tolmach
1752,Tetsuro Kato
1753,Gary Loveman
1754,Meredith Whitney
1755,Dan Sullivan
1756,Stephen S. Palmer
1757,Daniel DAniello
1758,Liborio Guarulla
1759,Jamie Lissette
1760,Jeffrey Solomon
1761,Peter Hancock
1762,Tim Strauts
1763,Kozlowski
1764,Charles Roeder
1765,George Bush
1766,Dave Maloney
1767,Brian Chesky
1768,Joseph Cotterill
1769,James von Simson
1770,Dave Graham
1771,Len Cohen
1772,Cristoph Mueller
1773,David Wilcox
1774,Bernd Pischetsrieder
1775,Stephan Winkelmann
1776,Where Loeb
1777,Joel Snyder
1778,Russel Kinnel
1779,Michael Cohen
1780,Ajay Banga
1781,Ron Starner
1782,Kip Tindell
1783,Daniel Miller
1784,Sandie Tillotson
1785,Charlie Shrem
1786,Mark Phelan
1787,Tom Kostigen
1788,Dennis Robertson
1789,Debney
1790,David Schecter
1791,Peter Robinson
1792,Michael Klibaner
1793,Ron Duke
1794,Doug Ketterer
1795,Anatoly Golubchick
1796,Bjorn Hanson
1797,Baigio Chiarolanza
1798,Jeff Garzick
1799,Richard Smith
1800,Jon Cohen
1801,Fred Dicker
1802,Craig Smith
1803,Marcelo Claure
1804,Scott Bell
1805,John Dolan
1806,John Lavallo
1807,Frank Sinatra
1808,Ross McEwan
1809,Bank Austria
1810,Liz Hayes
1811,Elon Musk
1812,Laura Lang
1813,Noah Breslow
1814,Appleton
1815,Dan Mahony
1816,Scott Dietzen
1817,Barry O'Leary
1818,William Kahane
1819,Justin Bachman
1820,Michael Pascucci
1821,Corpbank
1822,Anthony Simon
1823,Ron Sargent
1824,Leo Apotheker
1825,Van Houten
1826,Bill McDermott
1827,Juraj Bednar
1828,Shannon Page
1829,Vera Amador
1830,Dave Schultz
1831,Jim Genia
1832,Greg Boerboom
1833,John Legere
1834,Kathy Savitt
1835,Marisa Mayer
1836,Jeff Mortimer
1837,Keenan Thompson
1838,Alexei Portansky
1839,Denise Morrison
1840,John Foraker
1841,Père Goriot
1842,Phillip Johnson
1843,Jack Smith
1844,Anthony Mardach
1845,Jeffrey Bewkes
1846,Joe Tsai
1847,Scott Berlinger
1848,Laura Morrison
1849,Nick Davis
1850,Micheal Lynton
1851,William Ackman
1852,Dan Hesse
1853,Jack Cuneo
1854,Mark Ungewitter
1855,Amy Bisceglia
1856,George Zimmer
1857,Don Callahan
1858,Marc Mentry
1859,Kasper Rorsted
1860,Marty Whitman
1861,Mitchell Krebs
1862,Scott Mayerowitz
1863,David Cohen
1864,Jeremy Brown
1865,Richard Baker
1866,Lyndon Johnson
1867,Warren Buffett
1868,Pete Flint
1869,Jack Abramoff
1870,Jerry Greenberg
1871,Kevin Systrom
1872,Matt Shattock
1873,Kyle Bass
1874,John Miller
1875,Ajaypal Banga
1876,Takashi Watanabe
1877,Frits van
1878,Howard Weil
1879,Joshua Blackman
1880,Vince Houghton
1881,Mike Tyson
1882,Brad McMillan
1883,Joseph Nacchio
1884,William Duker
1885,Joshua Weiner
1886,Frank Pare
1887,Richard Hayne
1888,Dick Handler
1889,Harold Ross
1890,Ken Schlenker
1891,Ken Jennings
1892,Tim Ballisty
1893,Peter Chou
1894,Armand Arton
1895,Frank Roberts
1896,Norbert Reithofer
1897,Jeremy Clark
1898,Saul Loeb
1899,Jeffrey Bloomer
1900,Steve Bernstein
1901,Jerry Yang
1902,Michael Pearson
1903,Kauffman
1904,Brian Lederman
1905,Tom Werner
1906,Neil O'Leary
1907,John Ulzheimer
1908,Scott Cook
1909,Mimic
1910,Bob Gates
1911,Nick Taranto
1912,Bob Brown
1913,Jim Parker
1914,Paul Maritz
1915,Demyer
1916,Richard Schilsky
1917,John Evans
1918,Kermit Crawford
1919,Jim Dondero
1920,Howard Kirschenbaum
1921,William Waldock
1922,Jeff Boyd
1923,Ross Levine
1924,Mark Warner
1925,Musings
1926,Sam Kamin
1927,Stay Ahead
1928,Mark Robinson
1929,Fred Schiff
1930,Ron Vlaar
1931,Italian Unicredit
1932,Bradley Dodson
1933,Michael Johnson
1934,Scott Davis
1935,Sergio Lora
1936,Yihong Chen
1937,Bernd Leukert
1938,Darren Sproles
1939,Van Heusen
1940,Dorothy Rabinowitz
1941,Roger Ailes
1942,Mark Garnier
1943,Josh Brown
1944,David Komansky
1945,Howard Shultz
1946,Michael Karp
1947,Jeremy Liew
1948,David Rock
1949,Anatoly Kurmanaev
1950,Steve Wamhoff
1951,Andon Cord
1952,Audrey Kaplan
1953,Michael Cherney
1954,Cutler
1955,Brad Bennett
1956,Brady Dougan
1957,Charles Boustany
1958,Jonathan Zabusky
1959,Alex Ferguson
1960,Eric Petroff
1961,Keith McMullin
1962,Lance Roberts
1963,Brent Thill
1964,Larry Elliot
1965,Dissent
1966,Larry Fink
1967,Peterborough Prison
1968,Mike Dolan
1969,Richard Madigan
1970,Jeff Berwick
1971,Michael Saunders
1972,Mohamed El-
1973,Daniel Vasella
1974,Bernard Sucher
1975,Jim Schoff
1976,Jeff Schultz
1977,James P. Gorman
1978,David Batchelder
1979,Jeff Goldstein
1980,Traugott Kaminski
1981,Ian Bell
1982,Jalili
1983,David Greenlaw
1984,Mohammed Morsi
1985,Calhoun
1986,Inge Thulin
1987,John Wick
1988,Kalak
1989,Stephen Wynn
1990,Eric Woerth
1991,Enrique Salem
1992,Kramer
1993,Naguib Sawiris
1994,Stuart Culverhouse
1995,Robert Diamond
1996,David Aviezer
1997,Leslie Beck
1998,David Lifson
1999,Jane Chung
2000,Dayan
2001,Jessica Liebman
2002,Bruce Einhorn
2003,Greg Kaplan
2004,Bruce Berkowtiz
2005,Jim Chanos
2006,Wayne Edelman
2007,Ken Cowley
2008,Henri Proglio
2009,Mario Bergoglio
2010,Richard Elman
2011,Douglas Rushkoff
2012,Paul Wright
2013,Charles Baker
2014,David Falconer
2015,Todd Davis
2016,Mike Myers
2017,Josh Bohlander
2018,Clayton Woitas
2019,Jeff Stein
2020,David Webb
2021,Tom Joyce
2022,Ken Moelis
2023,Robert Thomas
2024,Van Roosebeke
2025,Martin Mallett
2026,Jerry Dryer
2027,Tore Ellingsen
2028,Say Hello
2029,Joseph Balkoski
2030,John Taft
2031,Rupert Murdoch
2032,Managing Partner
2033,Nazare Paulista
2034,John Schnittker
2035,Albert Saiz
2036,Stephen Bird
2037,Bill Cheney
2038,Martin Rothblatt
2039,Steve Sweeney
2040,Bill Brouder
2041,Chris Albrecht
2042,Mike Arrington
2043,Danite
2044,Michael Menatian
2045,Jerry Jacobs
2046,Nadal
2047,Craig Charney
2048,Jonathan Miller
2049,Suleyman Aslan
2050,Mike Ullman
2051,Jerry Moyes
2052,Peter Welch
2053,Meredith Galante
2054,George Dickel
2055,Mary Barra
2056,Andrew Mackenzie
2057,Amy Bensted
2058,Paal Kibsgaard
2059,Petite
2060,Michael Corbat
2061,Josh Olson
2062,Japan Name
2063,Glenn Carell
2064,Dan Loeb
2065,Fred Cornelius
2066,John Griffin
2067,Dan Akerson
2068,Judge Posner
2069,Michael Grant
2070,Kevin Connolly
2071,Paul Evans
2072,Mario Anzuoni
2073,Brian Armstrong
2074,Jon Moeller
2075,Hobby Lobby
2076,Charles Morrison
2077,Spencer Rascoff
2078,David Casterton
2079,Peter Diamond
2080,Thorsten Heins
2081,Bill Murray
2082,Scott Moore
2083,Mark Frissora
2084,Eric Thayer
2085,Tarullo
2086,Bob Greifeld
2087,Julius Caesar
2088,Sorenson
2089,Joel Naroff
2090,Zogby
2091,Stuart Pearson
2092,Caucasian Knot
2093,Steve Stecklow
2094,Elizabeth Dillon
2095,Cochran
2096,Loren Smith
2097,Ben van Beurden
2098,Vince McMahon
2099,Don Sterlingcould
2100,Andy Kessler
2101,Lex Kerssemakers
2102,Rich Ricci
2103,Kent Robertson
2104,Giles Clarke
2105,Allen
2106,Prem Watsa
2107,Charles Amos Dice
2108,Michael Hanson
2109,John Shin
2110,Yanqi Lake
2111,Steve Prince
2112,Jan Koum
2113,Kevin Nursick
2114,Julian Simon
2115,Jim Chambers
2116,Carol Evans
2117,William Ziff
2118,John Mulligan
2119,Michael Mullaney
2120,Charles Bennett
2121,Matt Johnson
2122,Ron Coen
2123,Richard Houston
2124,Bruce Thompson
2125,Jakob Denzinger
2126,Richard Wright
2127,Michael Tomasky
2128,Don Basile
2129,Charles Evans
2130,Steve Getzug
2131,Scott Thomson
2132,Nicholas Snyder
2133,Greg Woock
2134,Scott Phoenix
2135,George Papaconstantinou
2136,Jim Smith
2137,Stephen Hester
2138,Michael Kitson
2139,James Hogan
2140,Peter Mathieson
2141,Don Blandin
2142,Tim Ash
2143,Mary Bottari
2144,Mike Lynch
2145,Thor Halvorssen
2146,Douglas Yeardley
2147,Sam RoWhen
2148,Regulation Down
2149,Ian Schafer
2150,Key Biscayne
2151,Steve Sather
2152,Dave Brat
2153,Barry Sommers
2154,Harold Williams
2155,Vongfong
2156,Meredith Chivers
2157,Peter Hans
2158,Stephen Goldbart
2159,Henry Romero
2160,Richard Ziegler
2161,Martin Walsh
2162,Jayshree Ullal
2163,Marius Zaharia
2164,John Sviokla
2165,Rex Tillerson
2166,Scott Lawson
2167,Jim Angleton
2168,Jon Matonis
2169,Sam Palmisano
2170,Arlene Harrison
2171,Randall Stephenson
2172,Larry Robbins
2173,Liz Weston
2174,Maurice Taylor
2175,Wetherbee
2176,John Stephenson
2177,Peter Voser
2178,Michael Brown
2179,Arie Belldegrun
2180,Satoru Iwata
2181,Michael Kowalski
2182,Paul Whetsell
2183,Sharmyn Calhoun
2184,Jon Oringer
2185,Kevin Rose
2186,Todd Ruppert
2187,Bobby Lee
2188,Bob Calderoni
2189,Adirek Sripratak
2190,Mohamed Morsi
2191,Steve Eisman
2192,Don Brandt
2193,Roberto Setubal
2194,Chenault
2195,Jim Atchison
2196,Chris Grant
2197,Pawn Shop
2198,Andrei Kostin
2199,Scott Minerd
2200,Charles Pierrepont
2201,Scott Brown
2202,Widmer
2203,Heather Bresch
2204,Rosemary Stott
2205,Jimmy Buffett
2206,Steve Sapra
2207,Joseph Desmaret
2208,Bill Singer
2209,Michael Heseltine
2210,Evan Osnos
2211,Mark Bertolini
2212,James MacDonald
2213,Jack Welch
2214,Jane Jacobs
2215,Balkoski
2216,Doctoroff
2217,Jeremy Allaire
2218,Dov Charney
2219,Cohen
2220,Volodymyr Kipen
2221,Craig Johnson
2222,John Mack
2223,Rich Kinder
2224,Charles Lister
2225,Greg Simon
2226,Evan Brown
2227,Javier Romero
2228,Ricardo Salgado
2229,Aamer Safraz
2230,Alan Clarke
2231,Liz Robbins
2232,Matt Rose
2233,Mike Bloomberg
2234,Watanabe
2235,Conference Survey
2236,Renewal
2237,Daniel Doctoroff
2238,Brian McClung
2239,Thomas Campbell
2240,Nine Districts
2241,Patrick Doyle
2242,Igor Sechin
2243,Robert Johnson
2244,Gerald Storch
2245,Eddie Murphy
2246,Leo Drollas
2247,Matt Roberts
2248,Frank Bennack
2249,Tim Gronniger
2250,Bank Customer Service
2251,Satya Patel
2252,Bernard Arnault
2253,Larry Ellison
2254,John Rourke
2255,Benmosche
2256,John Callahan
2257,Stuart Wenham
2258,Ray Irani
2259,James DiLellio
2260,Bob Gay
2261,David Fite
2262,Gil Oren
2263,Bush Signs
2264,Penny Pritzker
2265,Mark Rosenker
2266,Jeffrey Bronchick
2267,David Mdzinarishvili
2268,Sergei Mitrokhin
2269,Wolfson
2270,John Corina
2271,John Engler
2272,Pam Liebman
2273,Jesse Vollmar
2274,Jeff Johnson
2275,Muhammad Morsi
2276,Chuck Prince
2277,David Brown
2278,Bill Gross
2279,George Spirits
2280,Daniel Ernst
2281,Scott Patterson
2282,Bill Gates
2283,Bernard Madoff
2284,Joe Lentini
2285,David Miller
2286,Bryan Stockton
2287,Mark Gongloff
2288,Carlos Brito
2289,Steve Miller
2290,Blankfein
2291,Joseph Landy
2292,Spike
2293,Stumpf
2294,Ibrahima Sylla
2295,Jamie Webster
2296,John Thain
2297,Philip Johnson
2298,Richard Strassberg
2299,Geiger
2300,Sheldon Lavin
2301,David Leithead
2302,Cole Wilcox
2303,Spike Albrecht
2304,Chad Johnson
2305,Doug Ewert
2306,Chris DeWolfe
2307,Robert Marcus
2308,Brad Burnham
2309,Craig Gross
2310,Jose Ivan
2311,Badri Patarkatsishvili
2312,Michael Block
2313,Peter Buffett
2314,Yang Jun
2315,Ahold USA
2316,Mark Karpeles
2317,Rothblatt
2318,Lee Bucheit
2319,David Davis
2320,Ken Bentsen
2321,Craig Jarvis
2322,Eric Garcetti
2323,Mike West
2324,Bobby Parisi
2325,Daniel Nadler
2326,Noam Chomsky
2327,Graciela Caçador
2328,Lanebrook Limited
2329,Marianne Bitler
2330,Alessandro Profumo
2331,Jim Whiddon
2332,Mike McGinn
2333,Scott Mackenzie
2334,Michael Moran
2335,Gracia Martore
2336,Solo
2337,Jonathan Lewis
2338,Mount Vesuvius
2339,Wu Qingyong
2340,George Jaresky
2341,Dick Snyder
2342,Ross Larsen
2343,Wayne Rooney
2344,Murray Kessler
2345,Alexandra Valencia
2346,Ric Spooner
2347,Remo Ruffini
2348,Mike Giglio
2349,Nick Brown
2350,Doug Porter
2351,McGregor
2352,Darren Johnson
2353,Bob Miller
2354,Armstrong
2355,Charles Recknagel
2356,Boersen Zeitung
2357,Thomas Kennedy
2358,Mickey Arison
2359,Ben Verwaayen
2360,Mark Mobius
2361,Doug Oberhelman
2362,Judge Wid
2363,Eric Beech
2364,Concentric Networks
2365,Mike Bass
2366,Doug Parker
2367,Tony Fadell
2368,Nick Spanos
2369,Kyle Whelliston
2370,William Porter
2371,Charlie Ergen
2372,Evan
2373,John Geanakoplos
2374,John Glenn
2375,Jeff Cohen
2376,Jessica Rinaldi
2377,Jonathan Ross
2378,Andrew Heiberger
2379,Don Hankins
2380,Anand Shah
2381,Mary Roberts
2382,Stephen Cohen
2383,Mike Derchin
2384,Steve Mack
2385,Robert Iger
2386,Nelson Peltz
2387,Warren Buffet
2388,Desert Sunlight
2389,Gordon Moore
2390,James Debney
2391,Marco Palmieri
2392,Jonathan Wilcox
2393,Hazama Ando
2394,Carly Fiorina
2395,Rich Bernstein
2396,Philippe Legrain
2397,Ron Eddie
2398,Charles Murray
2399,Tim Roberts
2400,Wayne LaPierre
2401,Drew Horter
2402,Greg Block
2403,Terry Laughlin
2404,Jack Chubb
2405,James Ross
2406,Dan Diamond
2407,Don Mulligan
2408,Richard Anthony
2409,Frank Siebelt
2410,Jon Sundt
2411,Martin Pring
2412,Robert Einhorn
2413,Craig Mayes
2414,Richard Kinder
2415,John Scully
2416,Alan Herrick
2417,Doug Ketter
2418,Jeff Stratton
2419,Howard Rehs
2420,David Skeie
2421,John Boris
2422,Richard Gilhooly
2423,Paolo Zaniboni
2424,Only Cyprus
2425,Anzor
2426,Amy Pascal
2427,Dick Clark
2428,David Joyce
2429,John Thavis
2430,Anthony Rodriguez
2431,Mark Austen
2432,Rich Handler
2433,Travis Kalanick
2434,Richard Treibick
2435,Mark Hand
2436,Michael Gerson
2437,Giles Palmer
2438,Mary Davis
2439,James Dolan
2440,Jessica Parker
2441,Richard Clough
2442,Judge Haralson
2443,Bill Dunkelberg
2444,Douglas Oberhelman
2445,Unocoin
2446,Kevin Counihan
2447,Pat Gelsinger
2448,Michael Gross
2449,Mark Hood
2450,Johnny Carson
2451,Stefan Scheplick
2452,Pierre Noel
2453,Juniper Networks
2454,¬ Barclays
2455,Michael McCaul
2456,Toby Porter
2457,Aga Barberini
2458,Charlie Scharf
2459,Tim Logan
2460,Carson Block
2461,Martin Redrado
2462,Ric Edelman
2463,Anthony Tan
2464,Doug Hodge
2465,Justin Amash
2466,Jeff Bell
2467,Bingham McCutchen
2468,Drew Houston
2469,Masayoshi Amamiya
2470,Kevin Monday
2471,William Peltz
2472,Prem Jain
2473,William Brandt
2474,Ian Read
2475,Dan Greenhaus
2476,Jonathan Bass
2477,Robert Steurer
2478,Bjorn Kjos
2479,Scott Smith
2480,Rick Lentini
2481,Nick Szabo
2482,Bob Ross
2483,Kevin O'Leary
2484,David Reis
2485,Alexandre Tombini
2486,WARN
2487,Book Club
2488,Nik Huslan
2489,Chiasson
2490,Mark Zuckerbergs
2491,Eddie Lampert
2492,Joaquim Levy
2493,Sarah Lacy
2494,Reed Hasting
2495,John Rasweiler
2496,Bewkes
2497,Link Pack
2498,Tom Enders
2499,Glenn Beck
2500,Michael Spencer
2501,John McCarvel
2502,Jeff Ubben
2503,Bild Zeitung
2504,Frederic Laluyaux
2505,John Strong
2506,Michael Thacker
2507,Lex Suvanto
2508,Gordon Smith
2509,Bob Corker
2510,Jim Morrison
2511,Peter Lilleøre
2512,Jack Davis
2513,Avishai Abrahami
2514,Toshi Jain
2515,William Einhorn
2516,Mark Miller
2517,Myron Ullman
2518,Marc Schauten
2519,Alexandra Hudson
2520,Don Wood
2521,Andrew Kinder
2522,Charles Scharf
2523,Michael Parker
2524,Steve West
2525,Oeyvind Eriksen
2526,David Kowach
2527,Pierre Laubies
2528,Severin Schwan
2529,Has Levie
2530,William Bernstein
2531,Ken Kremer
2532,Jonathan Weil
2533,Jeff Smith
2534,David Eady
2535,Jeff Kelter
2536,John Chambers
2537,Michael Collins
2538,Amy Cuddy
2539,Eric Schultz
2540,Peter Siebold
2541,Cecile Vannucci
2542,Michiko Hasegawa
2543,Jonathan Barratt
2544,Koichi Hamada
2545,Dennis Hudachek
2546,Jochen Duemler
2547,Mark Watson
2548,Emil Brolick
2549,Brittani Caetano
2550,Nick Hayek
2551,Scott Heiferman
2552,John Arnold
2553,John Thompson
2554,William Smead
2555,William Noah
2556,Sean Connolly
2557,Marc Gabelli
2558,James Cook
2559,Paul Kedrosky
2560,Mrs Hodge
2561,John Logsdon
2562,Nigel Lawson
2563,Riccardo Zacconi
2564,Peter Arduini
2565,Dwaine van Vuuren
2566,Lanham Napier
2567,Dave Friedberg
2568,Charles Saydah
2569,Brian Kelley
2570,Paul Mason
2571,Mai Boliang
2572,Michael Boardman
2573,William Johnson
2574,Lewis Frankfort
2575,Richard Stein
2576,Alexei Khazbiyev
2577,Howard Schulz
2578,Richard Snow
2579,David Whitney
2580,Schroeder
2581,Paul Jacobs
2582,Keith Jarvis
2583,Jesse Marrus
2584,Jim Hughes
2585,Rick Dreiling
2586,Marcus Noland
2587,Christine Day
2588,Rainer Baake
2589,Bank Name
2590,David Wright
2591,Frank Jordans
2592,David Malpass
2593,Mike Evans
2594,Robbie Allen
2595,John Ivison
2596,Ron Johnson
2597,Michael Duke
2598,Peter Chatwell
2599,Valtz
2600,Stephen Odell
2601,Alexei Miller
2602,Craig Wright
2603,Mikhail Brudno
2604,Hall
2605,Scott Seiwert
2606,Levinsohn
2607,Frank Addante
2608,Charles Prince
2609,Frank Jenkins
2610,Lucas Duplan
2611,David Paterson
2612,Jon Hamm
2613,Michael Fries
2614,David Pyott
2615,William Bowen
2616,Michael Jefferies
2617,Davis
2618,Christine Lagardeon
2619,James Dinan
2620,Watson
2621,Elizabeth Duke
2622,Jeff Clark
2623,Paul Johnson
2624,David Schafer
2625,Zachary Karabell
2626,Evan Spiegel
2627,Alan Smith
2628,Richard Whitney
2629,Only Germany
2630,Mary Guardiano
2631,John Browett
2632,Patricia Cohen
2633,Michael Bennett
2634,Jim Grant
2635,Peter Bartlett
2636,Scott Dittman
2637,Paula Douarte
2638,Michael Pagano
2639,Jan Blakeley
2640,Frank W.
2641,Peter Loescher
2642,Safra Catz
2643,Michael Iachini
2644,Jane Macon
2645,Lourenco Goncalves
2646,Mark Karpelis
2647,Jim Ziegler
2648,Mario Draghi
2649,John Noronha
2650,Chris Larsen
2651,Peter Horrell
2652,David Drumm
2653,David Schick
2654,Roger Josefsson
2655,Masayoshi Son
2656,Steve Clark
2657,Jonathan Nolen
2658,Alex Gruzen
2659,Eric Bandholz
2660,Luciene Oliveira
2661,David Abney
2662,Joseph Stiglitz
2663,Mark Konyn
2664,George Boole
2665,Meg Whitman
2666,Consensus Metrix
2667,Eddie Rodriguez
2668,Edward Lampert
2669,Greg Stemm
2670,Ted Marlow
2671,Adrianny Castillo
2672,Richard Edelman
2673,David Berman
2674,Terry Lundgren
2675,Lawler
2676,Peter Benington
2677,Walmart Asia
2678,Everything Jobs
2679,Walt Bettinger
2680,Elghanayan Corzine
2681,Bob Sasser
2682,Subsidiary
2683,Josh Chin
2684,Rick Alden
2685,Alan Gorman
2686,Marc Andreesen
2687,Mark Evans
2688,Lauren
2689,Pascal
2690,John Travolta
2691,John Dewey
2692,Scott Thompson
2693,Javier Molinero
2694,Kirk Miller
2695,Korchemkintold Bloomberg
2696,Satya Nadella
2697,Steve Wright
2698,Donatien Schramm
2699,Jessica Einhorn
2700,Cooper Howes
2701,Bill Pugliano
2702,Stephane Richard
2703,Tom Tucci
2704,William Lovette
2705,William Steiger
2706,David Kotok
2707,Alan Meier
2708,Paul Piff
2709,Steve Chow
2710,Mark Benioff
2711,Bev Kearney
2712,John Lake
2713,Paul Turek
2714,Celine Dion
2715,Bullish Tepper
2716,Henry BathÂ
2717,Luke Kanies
2718,Marc Jacobs
2719,Bob Ferguson
2720,Nagai
2721,Mark Rubin
2722,Peter Brandt
2723,Michael Dolan
2724,Jeffrey Knight
2725,Daniel Mudd
2726,Richard Lipstein
2727,Jeff Smidt
2728,Doug Trott
2729,Roger Graham
2730,Marc Edelman
2731,Richard Branson
2732,Bundesbank Against
2733,Charles Weinstein
2734,Dave Lesar
2735,Smith
2736,Eric Schatzker
2737,Jon Nazca
2738,Waggoner
2739,Ken Powell
2740,Brownings Bakers
2741,Mike Corbat
2742,Bernardo Hees
2743,Pritzker
2744,Bernard Baruch
2745,Mike Jackson
2746,Sergei Smirnov
2747,Bill Smead
2748,Alexey Miller
2749,Travis Tygart
2750,Asjylyn Loder
2751,Steve Kaplan
2752,Robert Lynch
2753,Michael Rucci
2754,Michael Weil
2755,Jack Ablin
2756,Rocca Salimbeni
2757,William Kristol
2758,John Madigan
2759,Michael Madigan
2760,Don Mattrick
2761,Peter Hayes
2762,Jeff Joerres
2763,Michael Strain
2764,Van Rompuy
2765,Sam Walsh
2766,Jeffery Ubben
2767,John Nash
2768,Hiroshi Amano
2769,Tim Simpson
2770,Mike Bird
2771,Anand Nallathambi
2772,Tim Griffin
2773,Bob Benmosche
2774,Michael Freeburg
2775,Fujio Mitarai
2776,Duncan MacKenzie
2777,Jack Dorsey
2778,Laurence Fink
2779,Adrian Smith
2780,Whitman
2781,John Iten
2782,Ellison
2783,Tim Swanson
2784,Michael Lynch
2785,Micheal Bloomberg
2786,Whitehouse
2787,Matthew Schmidt
2788,Ross Levinsohn
2789,Gordon Clark
2790,Douglas McMillon
2791,Scott Ross
2792,Dave Clark
2793,Steve Baker
2794,Pat Robertson
2795,Dick Fulds
2796,John S. Chen
2797,Tom Long
2798,Richard Chilton
2799,Daniel Bauer
2800,Eric Larson
2801,Terry Semel
2802,Hormazd Sorabjee
2803,Kristin Johnson
2804,Dan Mendelson
2805,Stuart Bernstein
2806,Matt Evans
2807,Douglas Porter
2808,Roger Jenkins
2809,Warren Shoulberg
2810,Steve Wynn
2811,Susan Bloomberg
2812,Peter Cook
2813,William Dudley
2814,Les Moonves
2815,Rony Abovitz
2816,Ev Williams
2817,Richard Davis
2818,Stuart Miller
2819,Liz Laderman
2820,Brent Saunders
2821,Dan Bauer
2822,Famous Amos
2823,Howard Levine
2824,John Porter
2825,Josh Birnbaum
2826,William Clark
2827,Philippe Laffont
2828,Michael MacSweeney
2829,Jeff Mezger
2830,Douglas Carswell
2831,Russ Kinnel
2832,Keith McCullough
2833,Sergio Marchionne
2834,John Hammergren
2835,Stern
2836,Kuhn Loeb
2837,Charlie Bird
2838,Josh Levine
2839,Barry Brandt
2840,Dan Dicker
2841,Representative Walden
2842,David Goldberg
2843,Barry Porter
2844,Alan Goodson
2845,Herb Kelleher
2846,Michael Needham
2847,Joshua Tetrick
2848,John Mitchell
2849,Yang Yuanqing
2850,Terence Kawaja
2851,Thomas Jones
2852,Nick Vinocur
2853,Etemaad
2854,Jeff Miller
2855,Rebekah Brooks
2856,Bob Davis
2857,Jerry Moran
2858,William Courtright
2859,Josh Pettitt
2860,Lei Qiang
2861,Nick Griffin
2862,Subbarao
2863,Jon S. Corzine
2864,Alan Tonelson
2865,John Simon
2866,David Roodman
2867,Nick Graham
2868,Scott Schweighauser
2869,Eric Walsh
2870,Gemini
2871,Mark Jenkins
2872,Averted
2873,William Stanley
2874,Brian Ferguson
2875,Joseph Engelberg
2876,Ron DeCicco
2877,Jaden Smith
2878,Jason Rabinowitz
2879,Engaged Cornell
2880,David Weinreb
2881,Bepe Grillo
2882,Thierry Leyne
2883,Adrian Ash
2884,Marcelo Salomon
2885,Sheldon Whitehouse
2886,Gonzalo Higuain
2887,Riordan Roett
2888,Mass Psychology
2889,Jeff Hirsch
2890,Strauss Zelnick
2891,John Gomes
2892,Scott Stransky
2893,Bobby YipAs
2894,Joshua Berlinger
2895,Richard Donnell
2896,Bill Roberts
2897,Zucker
2898,Peter Renton
2899,Mary Thompson
2900,Jessica Bemer
2901,Richard Bernstein
